Burst,T_90S,T_90,T_50S,T_50,Phase,4ms Peak Flux,Fluence
081003377a^a,02:46.1,160 +or- 29,03:46.1,72 +or- 11,cdots,cdots,4.10E-08 +or- 5.00E-09
081003377b,03:06.0,276 +or- 53,03:06.0,120 +or- 25,cdots,cdots,1.34E-07 +or- 9.00E-09
081003377c^a,03:16.1,672 +or- 72,03:16.2,320 +or- 72,cdots,cdots,8.10E-08 +or- 9.00E-09
081003377d^a,03:33.2,68 +or- 25,03:33.2,28 +or- 11,cdots,cdots,6.50E-08 +or- 6.00E-09
081003377e^a,04:35.6,128 +or- 23,04:35.6,56 +or- 23,cdots,cdots,7.60E-08 +or- 7.00E-09
081003377f^a,04:55.5,424 +or- 72,04:05.5,120 +or- 18,cdots,cdots,1.31E-07 +or- 1.00E-08
081003377 g^a,05:03.5,64 +or- 23,05:03.5,24 +or- 18,cdots,cdots,4.50E-08 +or- 1.00E-08
081003377 h^a,05:03.9,104 +or- 34,05:03.9,56 +or- 11,cdots,cdots,3.60E-08 +or- 6.00E-09
081003377i^a,05:35.8,136 +or- 18,05:35.8,64 +or- 11,cdots,cdots,1.30E-08 +or- 1.00E-09
081003377j^a,cdots,cdots,cdots,cdots,cdots,cdots,2.30E-08 +or- 4.00E-09
081003385a,03:05.9,108 +or- 18,03:05.9,56 +or- 34,0.5551,1.61E-06 +or- 4.21E-07,5.40E-08 +or- 6.00E-09
081003385b^a,cdots,cdots,cdots,cdots,0.5163,4.69E-06 +or- 7.39E-07,1.27E-07 +or- 6.00E-09
081003446a,42:53.0,120 +or- 14,42:53.0,60 +or- 11,0.6058,3.63E-06 +or- 6.41E-07,1.73E-07 +or- 7.00E-09
081003779a,41:39.0,104 +or- 9,41:39.0,60 +or- 11,0.6635,5.25E-06 +or- 5.27E-07,1.50E-07 +or- 5.00E-09
081004050a,11:32.0,132 +or- 28,11:32.0,56 +or- 11,0.5523,3.74E-06 +or- 5.48E-07,1.30E-07 +or- 5.00E-09
081005020a,29:09.0,24 +or- 16,29:09.0,12 +or- 6,0.1377,4.21E-06 +or- 7.36E-07,3.80E-08 +or- 3.00E-09
081010537a,53:37.9,60 +or- 18,53:38.0,24 +or- 9,0.6426,2.30E-06 +or- 5.30E-07,5.00E-08 +or- 3.00E-09
090122037a,53:59.3,44$_{-6}^{+31}$,53:59.3,22$_{-4}^{+6}$,0.4915,2.40E-06 +or- 3.98E-07,3.74E-08 +or- 3.52E-09
090122037b^a,54:28.8,86$_{-30}^{+37}$,54:28.8,34$_{-4}^{+4}$,0.7016,4.53E-06 +or- 5.86E-07,1.01E-07 +or- 6.24E-09
090122037c^a,54:56.7,236$_{-34}^{+29}$,54:56.7,170$_{-16}^{+18}$,0.1757,8.88E-07 +or- 2.89E-07,6.96E-09 +or- 1.32E-09
090122037d^a,55:01.3,50$_{-10}^{+17}$,55:01.3,18$_{-2}^{+4}$,0.3842,9.50E-06 +or- 8.26E-07,2.15E-07 +or- 7.68E-09
090122037e^a,55:28.1,270$_{-6}^{+8}$,55:28.1,44$_{-36}^{+48}$,0.3308,2.73E-06 +or- 5.18E-07,2.74E-08 +or- 3.36E-09
090122037f^a,55:32.3,98$_{-44}^{+24}$,55:32.3,30$_{-10}^{+8}$,0.382,1.86E-06 +or- 4.16E-07,2.04E-08 +or- 2.52E-09
090122037 g^a,55:51.9,118$_{-20}^{+28}$,55:51.9,40$_{-6}^{+4}$,0.8411,9.97E-06 +or- 8.51E-07,3.06E-07 +or- 1.06E-08
090122037 h^a,55:54.7,132$_{-12}^{+34}$,55:54.7,52$_{-8}^{+40}$,0.1789,2.21E-06 +or- 5.02E-07,8.96E-09 +or- 1.28E-09
090122037i^a,56:02.3,200$_{-44}^{+88}$,56:02.3,76$_{-14}^{+10}$,0.8595,2.24E-06 +or- 4.50E-07,5.82E-08 +or- 6.00E-09
090122037j^a,56:08.4,238$_{-42}^{+34}$,56:08.4,146$_{-18}^{+8}$,0.7779,1.76E-06 +or- 4.58E-07,3.01E-08 +or- 4.16E-09
090122037k^a,56:14.6,215$_{-24}^{+38}$,56:14.7,132$_{-12}^{+28}$,0.1057,1.53E-06 +or- 4.23E-07,3.44E-08 +or- 4.40E-09
090122037 l^a,56:15.3,242$_{-40}^{+31}$,56:15.3,150$_{-6}^{+6}$,0.1776,2.36E-06 +or- 4.93E-07,2.41E-08 +or- 3.64E-09
090122037 m^a,56:16.5,764$_{-36}^{+193}$,56:16.5,508$_{-22}^{+34}$,0.6873,2.50E-06 +or- 5.24E-07,3.82E-08 +or- 4.68E-09
090122037n^a,56:16.5,764$_{-36}^{+154}$,56:16.5,508$_{-22}^{+30}$,0.931,3.96E-06 +or- 5.76E-07,2.83E-08 +or- 3.48E-09
090122037o^a,56:18.9,90$_{-20}^{+9}$,56:18.9,10$_{-2}^{+2}$,0.8649,2.32E-05 +or- 1.25E-06,2.77E-07 +or- 9.88E-09
090122037p^a,56:19.4,206$_{-12}^{+25}$,56:19.4,150$_{-44}^{+14}$,0.1723,2.32E- 06 +or- 5.13E-07,2.82E-08 +or- 4.40E-09
090122037q^a,56:24.9,618$_{-14}^{+28}$,56:25.2,250$_{-48}^{+36}$,0.9445,1.99E-06 +or- 4.60E-07,5.37E-08 +or- 6.12E-09
090122037r^a,56:27.9,124$_{-12}^{+26}$,56:27.9,60$_{-8}^{+12}$,0.2052,2.96E-06 +or- 5.28E-07,2.95E-08 +or- 1.92E-09
090122037 s^a,56:29.2,760$_{-198}^{+18}$,56:29.3,348$_{-12}^{+100}$,0.0107,4.52E-06 +or- 6.11E-07,1.29E-07 +or- 1.18E-08
090122037t^a,56:34.5,124$_{-34}^{+21}$,56:34.6,14$_{-4}^{+24}$,0.4325,4.34E-06 +or- 6.01E-07,2.20E-08 +or- 2.28E-09
090122037u^a,56:35.3,254$_{-38}^{+59}$,56:35.5,56$_{-6}^{+10}$,0.8413,9.29E-06 +or- 7.91E-07,5.80E-07 +or- 1.44E-08
"090122037v^a^,^f",56:44.0,164$_{-24}^{+12}$,56:44.0,16$_{-2}^{+6}$,0.9432,2.40E-05 +or- 1.25E-06,1.87E-07 +or- 7.00E-09
090122037w^a,56:49.2,160$_{-32}^{+54}$,56:49.2,60$_{-10}^{+6}$,0.4847,2.34E-06 +or- 4.56E-07,3.58E-08 +or- 3.08E-09
090122037x^a,56:52.8,104$_{-14}^{+11}$,56:52.9,60$_{-10}^{+8}$,0.2632,2.90E-06 +or- 5.17E-07,7.75E-08 +or- 6.76E-09
090122037y^a,56:59.7,432$_{-56}^{+34}$,56:59.8,194$_{-40}^{+50}$,0.5938,1.45E-06 +or- 4.18E-07,2.26E-08 +or- 3.36E-09
"090122037z^a^,^f",57:07.4,52$_{-16}^{+13}$,57:07.4,16$_{-2}^{+2}$,0.2768,1.97E-05 +or- 1.21E-06,3.45E-07 +or- 1.10E-08
090122037aa^a,57:09.9,766$_{-14}^{+74}$,57:10.1,326$_{-12}^{+50}$,0.5567,2.89E-06 +or- 4.64E-07,1.43E-07 +or- 1.02E-08
090122037ab^a,57:13.8,23$_{-9}^{+5}$,57:13.8,8$_{-2}^{+4}$,0.354,2.89E-06 +or- 5.43E-07,2.58E-08 +or- 3.00E-09
"090122037ac^a^,^f",57:20.4,488$_{-10}^{+8}$,57:20.4,412$_{-6}^{+4}$,0.5404,9.95E-06 +or- 8.17E-07,1.14E-06 +or- 2.03E-08
090122037ad^a,57:24.0,268$_{-28}^{+72}$,57:24.0,66$_{-26}^{+20}$,0.2629,1.49E-06 +or- 4.05E-07,2.07E-08 +or- 3.08E-09
090122037ae^a,57:29.2,112$_{-20}^{+31}$,57:29.2,68$_{-10}^{+8}$,0.7788,2.09E-06 +or- 4.22E-07,9.05E-08 +or- 8.12E-09
090122037af^a,57:34.5,628$_{-8}^{+32}$,57:34.5,500$_{-16}^{+30}$,0.343,2.42E-06 +or- 5.34E-07,1.55E-07 +or- 1.29E-08
090122037ag^a,57:43.5,180$_{-26}^{+35}$,57:43.6,86$_{-42}^{+34}$,0.6954,1.76E-06 +or- 5.95E-07,2.34E-08 +or- 3.96E-09
090122037ah^a,57:45.9,122$_{-30}^{+26}$,57:45.9,48$_{-14}^{+16}$,0.8624,3.42E-06 +or- 7.04E-07,5.71E-08 +or- 5.60E-09
090122037ai^a,57:49.7,362$_{-100}^{+86}$,57:49.8,64$_{-18}^{+30}$,0.7205,4.18E-06 +or- 7.31E-07,6.66E-08 +or- 4.32E-09
090122037aj^a,58:00.8,398$_{-8}^{+20}$,58:00.9,296$_{-156}^{+44}$,0.0531,2.86E-05 +or- 1.63E-06,8.82E-07 +or- 2.12E-08
090122037ak^a,58:13.0,418$_{-24}^{+116}$,58:13.1,234$_{-22}^{+28}$,0.0831,2.37E-06 +or- 4.49E-07,3.21E-07 +or- 1.65E-08
"090122037al^a^,^f",58:19.2,36$_{-6}^{+6}$,58:19.2,12$_{-2}^{+2}$,0.9137,4.78E-05 +or- 1.83E-06,6.78E-07 +or- 1.40E-08
090122037am^a,58:45.1,82$_{-20}^{+36}$,58:45.1,24$_{-2}^{+14}$,0.4254,4.98E-06 +or- 6.87E-07,1.31E-07 +or- 7.56E-09
090122044a^a,03:26.0,414$_{-18}^{+256}$,03:26.0,182$_{-20}^{+98}$,0.9897,6.11E-06 +or- 7.37E-07,2.85E-07 +or- 1.28E-08
090122044b,03:53.9,236$_{-26}^{+16}$,03:54.0,20$_{-2}^{+6}$,0.4849,1.88E-05 +or- 1.13E-06,2.90E-07 +or- 9.80E-09
090122044c^a,04:02.6,216$_{-24}^{+56}$,04:02.6,106$_{-8}^{+8}$,0.6466,6.32E-06 +or- 6.85E-07,2.43E-07 +or- 1.03E-08
090122044d^a,04:25.4,270$_{-10}^{+18}$,04:25.4,154$_{-14}^{+16}$,0.6365,4.45E-06 +or- 6.20E-07,3.61E-07 +or- 1.40E-08
090122044e^a,04:46.5,94$_{-22}^{+51}$,04:46.5,32$_{-8}^{+10}$,0.8368,2.10E-06 +or- 4.65E-07,5.54E-08 +or- 5.28E-09
090122044f^a,05:04.8,34$_{-8}^{+15}$,05:04.8,16$_{-4}^{+6}$,0.6853,2.64E-06 +or- 5.03E-07,5.54E-08 +or- 5.76E-09
090122044 g^a,05:38.0,332$_{-48}^{+38}$,05:38.2,44$_{-8}^{+10}$,0.7919,1.46E-05 +or- 1.03E-06,5.87E-07 +or- 1.66E-08
090122044 h^a,06:33.4,94$_{-8}^{+31}$,06:33.4,30$_{-12}^{+6}$,0.4193,6.08E-06 +or- 7.23E-07,6.91E-08 +or- 4.32E-09
090122044i^a,07:08.8,138$_{-18}^{+39}$,07:08.9,42$_{-4}^{+6}$,0.5472,7.47E-06 +or- 7.91E-07,3.54E-07 +or- 1.15E-08
090122044j^a,07:36.4,42$_{-8}^{+6}$,07:36.4,22$_{-6}^{+6}$,0.8184,2.34E-06 +or- 4.87E-07,2.55E-08 +or- 3.64E-09
090122044k^a,08:21.1,122$_{-12}^{+26}$,08:21.2,36$_{-6}^{+4}$,0.4293,9.69E-06 +or- 8.27E-07,2.21E-07 +or- 8.32E-09
090122044 l^a,08:39.6,38$_{-8}^{+4}$,08:39.6,12$_{-2}^{+12}$,0.3154,5.06E-06 +or- 5.79E-07,6.16E-08 +or- 4.32E-09
"090122044 m^a^,^f",08:41.7,270$_{-4}^{+4}$,08:41.8,186$_{-4}^{+8}$,0.4539,5.85E-05 +or- 2.18E-06,2.13E-06 +or- 2.63E-08
090122044n^a,08:42.5,66$_{-14}^{+23}$,08:42.5,20$_{-10}^{+16}$,0.7295,3.72E-06 +or- 5.50E-07,6.84E-08 +or- 6.08E-09
090122052a^a,13:50.3,98$_{-16}^{+23}$,13:50.4,46$_{-14}^{+22}$,0.3067,5.08E-06 +or- 6.87E-07,1.48E-07 +or- 9.60E-09
090122052b,14:14.9,90$_{-6}^{+6}$,14:14.9,32$_{-2}^{+6}$,0.1546,1.48E-05 +or- 1.02E-06,5.59E-07 +or- 1.34E-08
090122052c^a,14:29.5,50$_{-4}^{+7}$,14:29.5,42$_{-4}^{+2}$,0.2105,3.95E-06 +or- 6.49E-07,7.54E-08 +or- 5.72E-09
090122052d^a,14:37.1,140$_{-58}^{+42}$,14:37.1,40$_{-18}^{+16}$,0.8915,2.10E-06 +or- 4.75E-07,4.93E-08 +or- 5.04E-09
"090122052e^a^,^f",14:46.0,118$_{-12}^{+12}$,14:46.0,32$_{-2}^{+2}$,0.1767,5.85E-05 +or- 2.14E-06,2.26E-06 +or- 2.55E-08
090122052f^a,14:55.4,360$_{-76}^{+93}$,14:55.5,156$_{-44}^{+34}$,0.7761,1.46E-06 +or- 4.20E-07,5.02E-08 +or- 5.32E-09
090122052 g^a,14:58.8,102$_{-16}^{+10}$,14:58.8,58$_{-14}^{+8}$,0.3436,1.91E-06 +or- 4.30E-07,5.38E-08 +or- 5.88E-09
090122052 h^a,15:09.3,80$_{-18}^{+20}$,15:09.3,24$_{-2}^{+2}$,0.4068,1.31E-05 +or- 9.77E-07,2.93E-07 +or- 9.60E-09
090122052i^a,15:19.9,636$_{-46}^{+34}$,15:20.2,154$_{-34}^{+234}$,0.707,3.74E-06 +or- 5.75E-07,2.08E-08 +or- 2.64E-09
090122052j^a,15:46.0,170$_{-48}^{+50}$,15:46.1,50$_{-20}^{+48}$,0.1745,9.79E-07 +or- 3.77E-07,3.20E-08 +or- 4.48E-09
090122052k^a,15:46.6,434$_{-8}^{+40}$,15:46.6,184$_{-20}^{+44}$,0.4211,7.14E-06 +or- 7.57E-07,6.22E-07 +or- 1.86E-08
090122052 l^a,16:06.5,268$_{-26}^{+118}$,16:06.6,124$_{-22}^{+22}$,0.0422,1.37E-06 +or- 4.05E-07,9.58E-08 +or- 8.40E-09
090122052 m^a,16:08.9,84$_{-12}^{+24}$,16:08.9,40$_{-8}^{+6}$,0.1802,2.59E-06 +or- 5.28E-07,1.22E-07 +or- 7.68E-09
090122052n^a,16:19.1,96$_{-16}^{+28}$,16:19.1,42$_{-4}^{+4}$,0.0798,9.66E-06 +or- 8.27E-07,2.32E-07 +or- 8.80E-09
090122052o^a,16:26.0,150$_{-10}^{+31}$,16:26.0,36$_{-4}^{+2}$,0.419,9.69E-06 +or- 8.78E-07,2.31E-07 +or- 9.52E-09
090122052p^a,16:26.6,326$_{-84}^{+108}$,16:26.8,36$_{-6}^{+12}$,0.8129,3.82E-06 +or- 5.57E-07,8.88E-08 +or- 6.00E-09
"090122052q^a^,^f",16:28.7,84$_{-8}^{+12}$,16:28.7,26$_{-4}^{+2}$,0.7347,2.67E-05 +or- 1.34E-06,8.12E-07 +or- 1.51E-08
090122052r^a,16:41.0,1068$_{-18}^{+42}$,16:41.1,374$_{-134}^{+214}$,0.6429,2.17E-06 +or- 4.90E-07,3.72E-08 +or- 4.40E-09
090122052 s^a,17:00.9,26$_{-8}^{+8}$,17:00.9,12$_{-6}^{+6}$,0.2693,1.95E-06 +or- 4.55E-07,2.95E-08 +or- 4.32E-09
090122052t^a,17:03.1,86$_{-34}^{+18}$,17:03.1,36$_{-14}^{+8}$,0.3484,9.62E-07 +or- 3.29E-07,3.10E-08 +or- 3.96E-09
090122052u^a,17:20.7,244$_{-26}^{+60}$,17:20.7,132$_{-10}^{+8}$,0.845,5.98E-06 +or- 6.28E-07,4.35E-07 +or- 1.36E-08
090122052v^a,17:24.7,222$_{-30}^{+68}$,17:24.8,64$_{-8}^{+6}$,0.8478,4.96E-06 +or- 6.10E-07,3.47E-07 +or- 1.25E-08
090122052w^a,17:28.0,34$_{-8}^{+13}$,17:28.0,14$_{-8}^{+6}$,0.3449,3.60E-06 +or- 5.08E-07,3.67E-08 +or- 4.20E-09
090122052x^a,17:52.2,36$_{-16}^{+22}$,17:52.2,12$_{-4}^{+4}$,0.0263,3.82E-06 +or- 5.68E- 07,5.00E-08 +or- 4.80E-09
090122052y^a,17:58.6,128$_{-34}^{+32}$,17:58.6,54$_{-18}^{+16}$,0.131,2.51E-06 +or- 4.82E-07,4.03E-08 +or- 4.32E-09
090122052z^a,18:02.3,78$_{-26}^{+12}$,18:02.3,34$_{-12}^{+18}$,0.8853,8.84E-07 +or- 3.37E-07,3.48E-08 +or- 4.80E-09
"090122052aa^a^,^f",18:10.3,84$_{-18}^{+18}$,18:10.3,14$_{-2}^{+2}$,0.7776,5.72E-05 +or- 2.02E-06,9.53E-07 +or- 1.68E-08
090122052ab^a,18:12.7,48$_{-10}^{+23}$,18:12.7,24$_{-6}^{+14}$,0.933,1.35E-06 +or- 3.76E-07,3.86E-08 +or- 5.04E-09
"090122052ac^a^,^b^,^f",18:42.4,140$_{-18}^{+10}$,18:42.4,62$_{-2}^{+4}$,,,
090122059a,25:04.2,586$_{-74}^{+132}$,25:04.3,264$_{-24}^{+44}$,0.583,2.23E-06 +or- 5.27E-07,3.35E-07 +or- 1.42E-08
"090122059b^a^,^f",25:18.6,214$_{-8}^{+12}$,25:18.8,32$_{-2}^{+4}$,0.5766,4.05E-05 +or- 1.77E-06,1.31E-06 +or- 2.02E-08
090122059c^a,27:10.6,334$_{-50}^{+56}$,27:10.6,156$_{-14}^{+10}$,0.538,1.56E-05 +or- 1.13E-06,4.53E-07 +or- 1.34E-08
090122059d^a,28:00.6,236$_{-68}^{+70}$,28:00.6,116$_{-18}^{+16}$,0.7211,2.84E-06 +or- 4.69E-07,3.24E-08 +or- 3.60E-09
"090122059e^a^,^b^,^f",29:00.0,146$_{-8}^{+8}$,29:00.0,38$_{-2}^{+2}$,,,
090122104a^f,30:09.4,112$_{-22}^{+20}$,30:09.4,42$_{-4}^{+2}$,0.2844,1.59E-05 +or- 1.10E-06,4.00E-07 +or- 1.20E-08
"090122104b^a^,^f",32:53.9,132$_{-40}^{+22}$,32:54.0,18$_{-2}^{+2}$,0.7134,5.97E-05 +or- 2.10E-06,9.98E-07 +or- 1.52E-08
090122104c^a,34:28.2,356$_{-6}^{+12}$,34:28.2,320$_{-16}^{+4}$,0.3701,1.74E-05 +or- 1.17E-06,6.27E-07 +or- 1.90E-08
090122104d^a,34:28.9,184$_{-18}^{+33}$,34:29.0,114$_{-10}^{+16}$,0.6144,2.10E-06 +or- 4.72E-07,1.11E-07 +or- 9.40E-09
090122104e^a,34:40.4,94$_{-20}^{+35}$,34:40.4,42$_{-8}^{+10}$,0.0743,4.00E-06 +or- 5.36E-07,2.87E-08 +or- 2.80E-09
090122113a,42:23.2,86$_{-32}^{+22}$,42:23.2,24$_{-4}^{+4}$,0.4295,1.66E-05 +or- 1.18E-06,1.69E-07 +or- 7.48E-09
090122113b^a,44:50.5,62$_{-10}^{+16}$,44:50.5,28$_{-6}^{+2}$,0.5258,9.53E-06 +or- 7.94E-07,1.93E-07 +or- 8.32E-09
090122113c^a,45:53.1,138$_{-2}^{+10}$,45:53.1,14$_{-2}^{+2}$,0.7511,2.88E-05 +or- 1.40E-06,3.07E-07 +or- 1.01E-08
090122120a,53:29.7,152$_{-20}^{+52}$,53:29.8,60$_{-10}^{+14}$,0.1761,8.89E-06 +or- 7.83E-07,2.94E-07 +or- 1.01E-08
090122120b^a,53:45.8,958$_{-54}^{+132}$,53:46.1,354$_{-26}^{+164}$,0.1485,1.37E-06 +or- 3.29E-07,8.64E-08 +or- 9.60E-09
"090122120c^a^,^b^, ^f",54:01.0,146$_{-2}^{+4}$,54:01.0,80$_{-2}^{+4}$,,,
090122120d^a,55:16.0,306$_{-38}^{+104}$,55:16.0,138$_{-28}^{+64}$,0.4149,1.82E-06 +or- 4.42E-07,7.81E- 08 +or- 8.68E-09
090122120e^a,56:52.7,268$_{-20}^{+13}$,56:52.7,210$_{-8}^{+8}$,0.0645,4.28E-06 +or- 5.86E-07,1.09E-07 +or- 7.80E-09
090122120f^a,56:53.7,258$_{-40}^{+44}$,56:53.8,106$_{-16}^{+32}$,0.6036,1.62E-06 +or- 4.95E-07,5.37E-08 +or- 7.04E-09
090122120 g^a,57:04.7,96$_{-18}^{+55}$,57:04.7,40$_{-6}^{+26}$,0.8874,1.57E-06 +or- 4.43E-07,2.74E-08 +or- 1.27E-08
090122120 h^a,57:18.4,58$_{-16}^{+27}$,57:18.4,24$_{-4}^{+4}$,0.4886,3.15E-06 +or- 5.96E-07,6.23E-08 +or- 6.46E-09
090122173a,08:31.6,224$_{-48}^{+54}$,08:31.6,68$_{-12}^{+18}$,0.8906,7.43E-06 +or- 7.88E-07,1.76E-07 +or- 8.80E-09
"090122173b^a^,^f",09:08.7,542$_{-16}^{+136}$,09:09.0,74$_{-8}^{+6}$,0.9511,1.77E-05 +or- 1.12E-06,1.07E-06 +or- 2.17E-08
090122173c^a,10:50.9,56$_{-6}^{+5}$,10:50.9,32$_{-6}^{+8}$,0.1015,4.52E-06 +or- 6.55E-07,1.30E-07 +or- 8.32E-09
090122173d^a,10:59.2,194$_{-32}^{+63}$,10:59.2,102$_{-8}^{+14}$,0.1083,1.78E-06 +or- 4.54E-07,1.31E-07 +or- 1.01E-08
"090122173e^a^,^f",12:33.0,694$_{-56}^{+20}$,12:33.1,282$_{-18}^{+8}$,0.4628,1.64E-05 +or- 1.07E-06,1.28E-06 +or- 2.17E-08
090122173f^a,13:03.3,100$_{-24}^{+22}$,13:03.3,20$_{-2}^{+6}$,0.0063,1.44E-05 +or- 1.03E-06,3.27E-07 +or- 1.01E-08
090122173 g^a,13:22.5,97$_{-25}^{+2}$,13:22.5,22$_{-4}^{+2}$,0.2964,8.35E-06 +or- 7.47E-07,1.42E-07 +or- 5.72E-09
090122173 h^a,13:25.4,64$_{-10}^{+25}$,13:25.4,32$_{-4}^{+6}$,0.6748,2.23E-06 +or- 4.55E-07,1.02E-07 +or- 8.96E-09
090122180a,19:27.6,140$_{-20}^{+24}$,19:27.6,66$_{-4}^{+2}$,0.4837,9.25E-06 +or- 8.30E-07,2.93E-07 +or- 1.01E-08
090122180b^a,21:32.3,212$_{-16}^{+6}$,21:32.3,158$_{-2}^{+2}$,0.7431,2.51E-05 +or- 1.31E-06,5.33E-07 +or- 1.34E-08
090122180c^a,21:41.9,107$_{-29}^{+5}$,21:41.9,36$_{-6}^{+12}$,0.289,4.82E-06 +or- 6.02E-07,5.87E-08 +or- 6.84E-09
090122180d^a,21:49.4,196$_{-16}^{+21}$,21:49.6,46$_{-10}^{+12}$,0.9892,3.69E-06 +or- 5.77E-07,1.28E-07 +or- 7.68E-09
090122180e^a,22:52.3,288$_{-20}^{+22}$,22:52.4,92$_{-8}^{+12}$,0.3385,6.38E-06 +or- 7.09E-07,2.68E-07 +or- 1.09E-08
090122180f^a,22:55.9,124$_{-24}^{+19}$,22:55.9,58$_{-12}^{+22}$,0.0175,1.94E-06 +or- 4.54E-07,4.27E-08 +or- 4.80E-09
090122180 g^a,23:01.4,110$_{-30}^{+42}$,23:01.4,44$_{-6}^{+4}$,0.6358,7.29E-06 +or- 7.69E-07,2.38E-07 +or- 8.64E-09
090122180 h^a,23:36.0,44$_{-8}^{+13}$,23:36.0,20$_{-4}^{+8}$,0.3412,3.81E-06 +or- 5.77E-07,9.63E-08 +or- 6.72E-09
090122180i^a,23:56.6,26$_{-10}^{+5}$,23:56.6,10$_{-2}^{+4}$,0.3151,5.22E-06 +or- 6.09E-07,7.78E-08 +or- 5.76E-09
090122180j^a,23:59.1,210$_{-14}^{+23}$,23:59.1,98$_{-18}^{+24}$,0.5048,2.31E-06 +or- 5.09E-07,9.04E-08 +or- 6.84E-09
090122187a,29:27.7,510$_{-60}^{+10}$,29:27.7,194$_{-12}^{+14}$,0.1847,5.60E-06 +or- 6.69E-07,8.13E-08 +or- 3.04E-09
090122187b^a,29:52.0,86$_{-20}^{+14}$,29:52.0,36$_{-16}^{+10}$,0.841,5.36E-06 +or- 7.12E-07,1.15E-07 +or- 7.20E-09
090122187c^a,30:14.8,123$_{-33}^{+39}$,30:14.8,28$_{-6}^{+30}$,0.8307,1.49E-06 +or- 4.26E-07,2.18E-08 +or- 3.36E-09
"090122187d^a^,^f",30:32.7,216$_{-14}^{+76}$,30:32.8,58$_{-4}^{+2}$,0.4812,2.56E-05 +or- 1.28E-06,1.10E-06 +or- 1.87E-08
090122187e^a,31:25.5,330$_{-90}^{+40}$,31:25.6,120$_{-14}^{+28}$,0.0176,1.42E-06 +or- 4.32E-07,3.20E-08 +or- 4.76E-09
090122187f^a,32:04.7,524$_{-12}^{+26}$,32:04.7,490$_{-4}^{+4}$,0.1033,5.73E-06 +or- 6.98E-07,1.99E-07 +or- 1.57E-08
090122187 g^a,32:10.1,180$_{-70}^{+100}$,32:10.2,30$_{-10}^{+22}$,0.5087,5.47E-06 +or- 6.68E-07,1.07E-07 +or- 6.80E-09
090122187 h^a,32:16.4,88$_{-32}^{+60}$,32:16.4,20$_{-4}^{+12}$,0.4995,4.72E-06 +or- 5.58E-07,1.08E-07 +or- 6.44E-09
090122187i^a,32:19.0,758$_{-18}^{+16}$,32:19.4,224$_{-20}^{+18}$,0.9503,9.93E-06 +or- 9.18E-07,6.47E-07 +or- 1.76E-08
090122187j^a,32:23.9,196$_{-22}^{+39}$,32:23.9,120$_{-42}^{+36}$,0.1385,3.26E-06 +or- 5.59E-07,9.59E-08 +or- 9.40E-09
"090122187k^a^,^b^,^f",32:49.5,526$_{-12}^{+10}$,32:49.5,404$_{-2}^{+4}$,,,
090122187l^a,33:02.5,156$_{-30}^{+68}$,33:02.5,44$_{-8}^{+14}$,0.2898,8.09E-06 +or- 8.44E-07,2.71E-07 +or- 1.15E-08
090122187m^a,33:18.5,518$_{-22}^{+30}$,33:18.7,240$_{-142}^{+144}$,0.2318,9.69E-06 +or- 8.80E-07,2.50E-07 +or- 1.63E-08
"090122187n^a^,^f",33:28.0,74$_{-12}^{+14}$,33:28.1,18$_{-4}^{+2}$,0.0928,6.36E-05 +or- 2.25E-06,7.28E-07 +or- 1.40E-08
090122187o^a,33:29.2,86$_{-16}^{+27}$,33:29.2,22$_{-6}^{+6}$,0.6579,4.70E-06 +or- 6.59E-07,1.12E-07 +or- 6.80E-09
090122187p^a,33:35.8,360$_{-20}^{+34}$,33:35.8,314$_{-8}^{+4}$,0.9837,5.98E-06 +or- 7.04E-07,2.66E-07 +or- 1.52E-08
090122187q^a,33:50.3,648$_{-174}^{+322}$,33:50.3,256$_{-20}^{+20}$,0.8388,3.10E-06 +or- 5.68E-07,1.52E-07 +or- 9.40E-09
"090122187r^a^,^b^,^f",34:09.4,396$_{-56}^{+74}$,34:09.5,84$_{-2}^{+2}$,,,
090122187s^a,34:12.4,100$_{-24}^{+21}$,34:12.5,28$_{-6}^{+2}$,0.5245,4.65E-06 +or- 6.70E-07,1.30E-07 +or- 7.92E-09
"090122187t^a^,^f",34:18.1,338$_{-78}^{+32}$,34:18.1,40$_{-2}^{+4}$,0.2523,3.21E-05 +or- 1.56E-06,8.76E-07 +or- 1.66E-08
"090122187u^a^,^f",34:20.7,802$_{-48}^{+88}$,34:20.9,286$_{-6}^{+8}$,0.7339,1.75E-05 +or- 1.10E-06,1.28E-06 +or- 2.77E-08
090122194a^a,39:21.0,76$_{-32}^{+12}$,39:21.1,28$_{-12}^{+12}$,0.4608,1.66E-06 +or- 4.61E-07,1.52E-08 +or- 2.60E-09
090122194b^a,39:23.7,258$_{-14}^{+39}$,39:23.7,92$_{-14}^{+36}$,0.7219,2.93E-06 +or- 4.56E-07,1.81E-07 +or- 1.06E-08
090122194c,39:29.9,134$_{-22}^{+13}$,39:29.9,66$_{-6}^{+6}$,0.7489,7.89E-06 +or- 7.72E-07,2.49E-07 +or- 9.28E-09
090122194d^a,39:36.6,196$_{-36}^{+36}$,39:36.7,80$_{-10}^{+16}$,0.0196,3.99E-06 +or- 5.68E-07,1.74E-07 +or- 8.64E-09
090122194e^a,39:37.4,26$_{-6}^{+7}$,39:37.4,18$_{-8}^{+2}$,0.3299,9.72E-07 +or- 3.62E-07,7.52E-08 +or- 1.04E-08
090122194f^a,40:00.1,200$_{-22}^{+8}$,40:00.1,132$_{-16}^{+26}$,0.3607,8.42E-07 +or- 3.87E-07,1.98E-08 +or- 3.60E-09
"090122194g^a^,^f",40:04.8,114$_{-14}^{+26}$,40:04.9,38$_{-8}^{+4}$,0.6039,9.90E-06 +or- 7.56E-07,2.57E-07 +or- 1.06E-08
090122194h^a,40:05.3,98$_{-14}^{+28}$,40:05.3,48$_{-20}^{+22}$,0.8529,2.16E-06 +or- 4.71E-07,4.97E-08 +or- 6.44E-09
090122194i^a,40:06.4,74$_{-12}^{+8}$,40:06.5,26$_{-2}^{+4}$,0.3747,2.94E-05 +or- 1.40E-06,7.74E-07 +or- 1.46E-08
090122194j^a,40:09.5,112$_{-32}^{+75}$,40:09.5,32$_{-8}^{+14}$,0.8356,2.07E-06 +or- 5.20E-07,3.28E-08 +or- 4.16E-09
090122194k^a,40:10.9,866$_{-10}^{+34}$,40:10.9,394$_{-46}^{+60}$,0.7028,4.62E-06 +or- 6.36E-07,3.76E-07 +or- 1.79E-08
090122194l^a,40:22.4,626$_{-46}^{+68}$,40:22.4,338$_{-12}^{+18}$,0.2148,3.88E-06 +or- 5.60E-07,1.40E-07 +or- 1.27E-08
090122194m^a,40:26.4,172$_{-30}^{+17}$,40:26.4,72$_{-20}^{+18}$,0.0005,1.55E-06 +or- 4.30E-07,7.30E-08 +or- 7.68E-09
090122194n^a,40:27.1,90$_{-12}^{+16}$,40:27.1,16$_{-2}^{+2}$,0.348,2.94E-05 +or- 1.40E-06,5.13E-07 +or- 1.24E-08
090122194o^a,40:28.1,74$_{-20}^{+6}$,40:28.1,28$_{-6}^{+8}$,0.8345,3.08E-06 +or- 5.32E-07,4.32E-08 +or- 3.96E-09
090122194p^a,40:28.8,364$_{-34}^{+40}$,40:28.8,192$_{-6}^{+4}$,0.2679,1.47E-05 +or- 1.03E-06,5.71E-07 +or- 1.39E-08
090122194q^a,40:33.3,86$_{-26}^{+10}$,40:33.3,32$_{-10}^{+22}$,0.3321,2.29E-06 +or- 4.53E-07,3.12E-08 +or- 4.68E-09
090122194r^a,40:54.4,146$_{-42}^{+69}$,40:54.4,26$_{-4}^{+4}$,0.525,9.05E-06 +or- 7.48E- 07,2.59E-07 +or- 8.64E-09
090122194s^a,40:55.1,118$_{-24}^{+24}$,40:55.2,28$_{-6}^{+6}$,0.8735,4.91E-06 +or- 5.66E-07,1.00E-07 +or- 6.12E-09
090122194t^a,41:01.2,102$_{-20}^{+31}$,41:01.3,50$_{-10}^{+20}$,0.8054,1.24E-06 +or- 4.23E-07,5.92E-08 +or- 6.96E-09
090122218a^a,13:37.8,220$_{-34}^{+54}$,13:37.8,94$_{-36}^{+18}$,0.1102,9.45E-07 +or- 3.30E-07,3.12E-08 +or- 3.60E-09
090122218b,13:40.8,328$_{-78}^{+104}$,13:40.9,120$_{-22}^{+18}$,0.6541,1.74E-06 +or- 3.68E-07,1.38E-07 +or- 9.84E-09
090122218c^a,13:46.2,380$_{-50}^{+83}$,13:46.2,134$_{-32}^{+26}$,0.1547,2.67E-06 +or- 4.62E-07,1.35E-07 +or- 9.12E-09
090122218d^a,13:49.7,454$_{-44}^{+44}$,13:49.7,310$_{-36}^{+26}$,0.8627,1.95E-06 +or- 4.84E-07,6.84E-08 +or- 6.08E-09
"090122218e^a^,^b^,^f",14:03.4,618$_{-4}^{+2}$,14:03.7,190$_{-2}^{+4}$,,,
"090122218f^a^,^f",14:29.2,434$_{-38}^{+43}$,14:29.3,170$_{-10}^{+12}$,0.9539,1.33E-05 +or- 9.32E-07,1.66E-06 +or- 2.30E-08
090122218g^a,14:31.6,606$_{-32}^{+70}$,14:31.9,172$_{-22}^{+34}$,0.2363,2.67E-06 +or- 5.39E-07,7.70E-08 +or- 8.00E-09
090122218h^a,14:42.0,200$_{-32}^{+56}$,14:42.2,22$_{-4}^{+4}$,0.1838,6.04E-06 +or- 6.78E-07,1.07E-07 +or- 6.24E-09
090122218i^a,14:49.6,456$_{-116}^{+48}$,14:49.8,146$_{-32}^{+42}$,0.8639,9.14E-07 +or- 2.98E-07,5.00E- 08 +or- 7.00E-09
090122218j^a,15:06.3,118$_{-22}^{+52}$,15:06.3,52$_{-8}^{+10}$,0.8062,3.51E-06 +or- 5.44E-07,1.24E-07 +or- 7.20E-09
090122218k^a,15:07.4,84$_{-28}^{+11}$,15:07.4,28$_{-8}^{+4}$,0.3593,3.74E-06 +or- 5.65E-07,9.73E-08 +or- 6.40E-09
090122218l^a,15:42.9,272$_{-38}^{+27}$,15:43.0,38$_{-8}^{+16}$,0.5103,5.04E-06 +or- 5.90E-07,7.98E-08 +or- 5.32E-09
090122218m^a,15:44.0,466$_{-20}^{+70}$,15:44.0,372$_{-24}^{+12}$,0.0277,2.17E-06 +or- 5.21E-07,1.87E-07 +or- 9.12E-09
090122218n^a,16:04.7,964$_{-18}^{+54}$,16:05.0,534$_{-204}^{+40}$,0.2741,1.67E-06 +or- 4.73E-07,2.49E-07 +or- 1.99E-08
"090122218o^a^,^f",16:06.8,86$_{-6}^{+6}$,16:06.9,26$_{-2}^{+2}$,0.0623,6.25E-05 +or- 2.24E-06,2.30E-06 +or- 2.60E-08
090122218p^a,16:18.3,506$_{-18}^{+42}$,16:18.4,192$_{-14}^{+38}$,0.6083,8.71E-06 +or- 8.03E-07,6.46E-07 +or- 1.72E-08
090122218q^a,16:31.0,240$_{-40}^{+18}$,16:31.1,100$_{-18}^{+20}$,0.7431,1.75E-06 +or- 4.96E-07,1.31E-07 +or- 9.36E-09
"090122218r^a^,^f",16:44.2,102$_{-18}^{+12}$,16:44.3,30$_{-2}^{+2}$,0.0999,5.55E-05 +or- 2.13E-06,9.53E-07 +or- 1.72E-08
090122218s^a,16:45.0,350$_{-44}^{+90}$,16:45.0,52$_{-2}^{+6}$,0.4643,1.49E-05 +or- 9.83E-07,3.94E-07 +or- 1.12E-08
090122218t^a,17:01.8,210$_{-26}^{+64}$,17:01.8,82$_{-14}^{+40}$,0.5712,2.05E-06 +or- 5.12E-07,6.86E-08 +or- 7.28E-09
090122218u^a,17:03.3,214$_{-26}^{+108}$,17:03.3,90$_{-8}^{+8}$,0.2884,1.20E-05 +or- 9.84E-07,2.60E-07 +or- 1.04E-08
090122218v^a,17:10.3,144$_{-54}^{+59}$,17:10.4,32$_{-8}^{+10}$,0.6987,4.62E-06 +or- 6.42E-07,2.39E-07 +or- 1.18E-08
090122243a,49:18.3,370$_{-118}^{+88}$,49:18.5,48$_{-10}^{+8}$,0.8296,5.73E-06 +or- 7.02E-07,1.46E-07 +or- 7.04E-09
090122243b^a,49:46.2,58$_{-12}^{+20}$,49:46.2,22$_{-4}^{+4}$,0.666,3.77E-06 +or- 5.98E-07,7.87E-08 +or- 5.76E-09
"090122243c^a^,^b^,^f",52:15.2,252$_{-24}^{+76}$,52:15.2,66$_{-6}^{+4}$,,,
090122252a^f,03:36.0,178$_{-12}^{+10}$,03:36.1,52$_{-8}^{+4}$,0.1675,9.58E-05 +or- 3.63E-06,3.11E-06 +or- 3.67E-08
090122252b^a,06:41.7,160$_{-26}^{+54}$,06:41.7,56$_{-6}^{+12}$,0.7352,8.47E-06 +or- 1.11E-06,3.62E-07 +or- 1.62E-08
"090122283a^a^,^f",49:08.7,532$_{-28}^{+38}$,49:08.9,236$_{-10}^{+12}$,0.1535,2.16E-05 +or- 1.17E-06,2.38E-06 +or- 2.99E-08
"090122283b^a^,^f",49:14.8,1246$_{-6}^{+6}$,49:14.9,118$_{-2}^{+4}$,0.0238,5.31E-05 +or- 1.96E-06,5.29E-06 +or- 4.08E-08
090122283c^a,49:21.5,198$_{-38}^{+121}$,49:21.6,30$_{-6}^{+10}$,0.2154,4.94E-06 +or- 6.65E-07,9.66E-08 +or- 6.44E-09
090122283d^a,49:27.7,128$_{-34}^{+90}$,49:27.8,38$_{-4}^{+8}$,0.2034,1.25E-05 +or- 9.77E-07,3.15E-07 +or- 1.12E-08
090122283e^a,49:29.5,116$_{-16}^{+20}$,49:29.5,46$_{-6}^{+8}$,0.0606,2.96E-05 +or- 1.42E-06,5.36E-07 +or- 1.28E-08
090122283f^a,49:31.2,222$_{-46}^{+47}$,49:31.2,70$_{-10}^{+10}$,0.883,4.54E-06 +or- 6.15E-07,3.22E-07 +or- 1.27E-08
"090122283g^a^,^f",49:33.0,424$_{-16}^{+26}$,49:33.0,238$_{-8}^{+8}$,0.7223,1.38E-05 +or- 9.69E-07,1.78E-06 +or- 2.22E-08
"090122283h^a^,^f",49:44.2,534$_{-10}^{+16}$,49:44.3,394$_{-32}^{+14}$,0.3542,2.24E-05 +or- 1.22E-06,1.53E-06 +or- 2.42E-08
"090122283i^a^,^b^,^f",49:48.5,616$_{-8}^{+6}$,49:48.6,216$_{-4}^{+4}$,,,
090122283j^a,50:03.4,474$_{-36}^{+86}$,50:03.4,120$_{-8}^{+6}$,0.4312,1.75E-05 +or- 1.03E-06,1.44E-07 +or- 8.28E-09
"090122283k^a^,^b^,^f",50:08.6,258$_{-14}^{+14}$,50:08.7,152$_{-2}^{+2}$,,,
"090122283l^a^,^f",50:12.1,172$_{-42}^{+44}$,50:12.1,42$_{-4}^{+2}$,0.6012,3.59E-05 +or- 1.66E-06,1.54E-06 +or- 2.24E-08
"090122283m^a^,^f",50:14.3,164$_{-16}^{+30}$,50:14.3,44$_{-4}^{+8}$,0.6948,2.57E-05 +or- 1.31E-06,1.19E-06 +or- 1.98E-08
090122283n^a,50:17.5,46$_{-6}^{+10}$,50:17.5,26$_{-2}^{+2}$,0.7364,5.65E-06 +or- 7.12E-07,1.36E-07 +or- 7.68E-09
090122283o^a,50:22.5,1296$_{-86}^{+130}$,50:22.8,266$_{-32}^{+44}$,0.7789,6.12E-06 +or- 7.12E-07,5.88E-07 +or- 1.74E-08
090122283p^a,50:30.0,124$_{-14}^{+28}$,50:30.1,52$_{-6}^{+8}$,0.2708,6.16E-06 +or- 6.42E-07,1.91E-07 +or- 1.02E-08
090122283q^a,50:34.3,66$_{-8}^{+12}$,50:34.3,26$_{-4}^{+4}$,0.323,1.48E-05 +or- 9.98E-07,4.23E-07 +or- 1.14E-08
090122283r^a,50:37.6,278$_{-70}^{+110}$,50:37.6,106$_{-12}^{+18}$,0.9239,4.44E-06 +or- 6.19E-07,2.24E-07 +or- 1.02E-08
"090122283s^a^,^b^,^f",50:49.3,192$_{-78}^{+202}$,50:49.4,32$_{-2}^{+2}$,,,
090122283t^a,50:50.9,1766$_{-36}^{+38}$,50:51.2,1192$_{-116}^{+146}$,0.6026,4.38E-06 +or- 6.53E-07,4.40E-07 +or- 1.97E-08
"090122283u^a^,^b^,^f",50:57.3,156$_{-4}^{+2}$,50:57.3,92$_{-2}^{+2}$,,,
090122283v^a,51:08.2,730$_{-124}^{+122}$,51:08.2,262$_{-20}^{+18}$,0.695,1.95E-05 +or- 1.17E-06,4.61E-07 +or- 1.23E-08
090122283w^a,51:12.1,208$_{-42}^{+20}$,51:12.2,76$_{-22}^{+54}$,0.6347,1.64E-06 +or- 4.60E-07,4.97E-08 +or- 9.20E-09
"090122283x^a^,^b^,^f",51:14.8,440$_{-74}^{+70}$,51:14.9,204$_{-4}^{+2}$,,,
090122283y^a,51:28.6,110$_{-38}^{+38}$,51:28.6,18$_{-4}^{+2}$,0.5114,7.41E-06 +or- 6.66E-07,1.16E-07 +or- 6.48E-09
090122283z^a,51:31.2,218$_{-64}^{+38}$,51:31.2,62$_{-14}^{+18}$,0.8203,1.45E-06 +or- 2.74E-07,6.40E-08 +or- 4.00E-09
090122283aa^a,51:37.3,832$_{-114}^{+98}$,51:37.8,156$_{-22}^{+28}$,0.9603,3.81E-06 +or- 4.88E-07,3.63E-07 +or- 8.96E-09
090122283ab^a,51:40.8,187$_{-9}^{+8}$,51:40.8,38$_{-8}^{+118}$,0.4155,9.27E-07 +or- 2.70E-07,3.22E-08 +or- 4.68E-09
090122283ac^a,51:42.1,36$_{-8}^{+21}$,51:42.1,18$_{-6}^{+4}$,0.0618,2.78E-06 +or- 4.99E-07,3.30E-08 +or- 3.92E-09
090122283ad^a,51:43.9,44$_{-16}^{+25}$,51:43.9,12$_{-4}^{+2}$,0.916,5.06E-06 +or- 6.05E-07,6.24E-08 +or- 5.20E-09
090122283ae^a,51:47.4,652$_{-16}^{+50}$,51:47.5,540$_{-28}^{+44}$,0.6279,2.78E-06 +or- 4.92E-07,2.28E-07 +or- 1.34E-08
"090122283af^a^,^b^,^f",52:00.2,100$_{-8}^{+6}$,52:00.2,30$_{-2}^{+2}$,,,
"090122283ag^a^,^f",52:04.0,388$_{-36}^{+30}$,52:04.0,88$_{-4}^{+6}$,0.6354,3.22E-05 +or- 1.40E-06,2.44E-06 +or- 2.50E-08
090122283ah^a,52:20.0,538$_{-16}^{+62}$,52:20.2,202$_{-28}^{+32}$,0.5169,1.94E-05 +or- 1.07E-06,8.34E-07 +or- 1.67E-08
090122283ai^a,52:51.1,80$_{-8}^{+18}$,52:51.1,22$_{-4}^{+4}$,0.3551,1.48E-05 +or- 9.50E-07,2.89E-07 +or- 9.72E-09
090122291a,58:24.2,98$_{-22}^{+18}$,58:24.2,30$_{-6}^{+6}$,0.1284,4.90E-06 +or- 5.24E-07,1.42E-07 +or- 6.96E-09
090122291b^a,58:35.8,62$_{-14}^{+39}$,58:35.8,14$_{-2}^{+8}$,0.7067,5.46E-06 +or- 5.77E-07,8.68E-08 +or- 5.20E-09
"090122291c^a^,^b^,^f",59:35.5,240$_{-10}^{+10}$,59:35.6,118$_{-2}^{+4}$,,,
090122291d^a,00:00.5,554$_{-78}^{+40}$,00:00.6,106$_{-26}^{+66}$,0.6431,2.33E-06 +or- 4.02E-07,4.62E-08 +or- 4.80E-09
090122291e^a,00:16.9,493$_{-35}^{+11}$,00:17.0,396$_{-34}^{+16}$,0.7278,2.19E-06 +or- 3.65E-07,5.99E-08 +or- 5.04E-09
090122291f^a,00:23.3,548$_{-68}^{+36}$,00:23.5,188$_{-30}^{+28}$,0.7395,1.26E-06 +or- 3.68E-07,5.21E-08 +or- 4.96E-09
090122291g^a,00:45.3,296$_{-144}^{+47}$,00:45.5,38$_{-8}^{+28}$,0.301,1.63E-06 +or- 3.93E-07,4.84E-08 +or- 4.16E-09
090122291h^a,00:50.3,326$_{-86}^{+33}$,00:50.4,58$_{-12}^{+32}$,0.7002,2.17E-06 +or- 3.86E-07,7.02E-08 +or- 5.40E-09
090122291i^a,00:54.8,320$_{-28}^{+47}$,00:54.8,138$_{-40}^{+46}$,0.7901,6.37E-06 +or- 5.87E-07,6.48E-08 +or- 4.80E-09
"090122291j^a^,^b^,^f",00:58.7,308$_{-20}^{+26}$,00:58.8,90$_{-2}^{+4}$,,,
090122310a^f,26:29.7,828$_{-10}^{+12}$,26:30.0,396$_{-4}^{+6}$,0.9337,9.41E-06 +or- 8.80E-07,1.30E-06 +or- 2.65E-08
090122310b^a,30:15.6,290$_{-28}^{+20}$,30:15.7,132$_{-8}^{+6}$,0.7294,9.91E-06 +or- 8.29E-07,6.07E-07 +or- 1.64E-08
"090122310c^a^,^b^,^f",31:14.7,566$_{-50}^{+28}$,31:14.9,202$_{-4}^{+4}$,,,
090122317a^f,36:28.7,330$_{-40}^{+24}$,36:28.7,94$_{-6}^{+2}$,0.701,3.64E-05 +or- 1.52E-06,7.55E-07 +or- 1.18E-08
090122317b^a,37:59.9,676$_{-114}^{+23}$,38:00.0,188$_{-32}^{+26}$,0.718,3.47E-06 +or- 5.53E-07,2.37E-07 +or- 1.06E-08
090122317c^a,39:44.4,185$_{-25}^{+34}$,39:44.4,44$_{-10}^{+22}$,0.1263,1.91E-06 +or- 3.82E-07,2.21E-08 +or- 2.56E-09
090122317d^a,40:15.3,103$_{-4}^{+6}$,40:15.3,44$_{-6}^{+6}$,0.0634,5.81E-06 +or- 5.75E-07,1.56E-07 +or- 6.72E-09
"090122317e^a^,^b^,^f",40:15.9,468$_{-38}^{+26}$,40:16.0,146$_{-4}^{+4}$,,,
090122352a,26:14.5,46$_{-16}^{+50}$,26:14.5,14$_{-4}^{+4}$,0.717,1.32E-05 +or- 1.79E-06,1.63E-07 +or- 1.39E-08
090122352b^a,26:16.1,144$_{-16}^{+72}$,26:16.1,38$_{-8}^{+6}$,0.4839,1.30E-05 +or- 1.62E-06,4.40E-07 +or- 2.07E-08
"090122359a^b^,^f",36:30.7,260$_{-78}^{+114}$,36:30.8,42$_{-2}^{+2}$,,,
090122359b^a,36:40.5,188$_{-48}^{+56}$,36:40.5,50$_{-2}^{+6}$,0.8361,1.19E-05 +or- 1.05E-06,2.37E-07 +or- 1.09E-08
090122359c^a,40:56.3,184$_{-22}^{+37}$,40:56.4,100$_{-14}^{+24}$,0.3334,1.80E-06 +or- 4.19E-07,2.60E-08 +or- 3.64E-09
090122380a,07:38.6,182$_{-22}^{+62}$,07:38.7,32$_{-8}^{+20}$,0.6486,6.49E-06 +or- 8.13E-07,9.72E-08 +or- 7.20E-09
090122380b^a,08:15.6,102$_{-18}^{+84}$,08:15.6,46$_{-6}^{+14}$,0.4767,1.77E-06 +or- 3.95E-07,1.01E-07 +or- 7.20E-09
090122390a,21:00.4,214$_{-78}^{+72}$,21:00.4,46$_{-10}^{+8}$,0.5753,9.95E-06 +or- 1.18E-06,2.36E-07 +or- 1.23E-08
"090122419a^b^,^f",03:04.7,152$_{-12}^{+20}$,03:04.7,46$_{-2}^{+4}$,,,
090122419b^a,08:01.8,128$_{-12}^{+20}$,08:01.8,42$_{-4}^{+2}$,0.2925,3.95E-05 +or- 1.56E-06,1.36E-06 +or- 1.76E-08
090122428a,16:39.3,92$_{-16}^{+28}$,16:39.3,42$_{-4}^{+8}$,0.0571,3.12E-06 +or- 4.28E-07,7.07E-08 +or- 5.20E-09
090122428b^a,16:40.4,334$_{-36}^{+70}$,16:40.4,54$_{-4}^{+2}$,0.5875,1.11E-05 +or- 6.59E-07,8.07E-07 +or- 1.16E-08
090122451a,49:30.1,98$_{-16}^{+34}$,49:30.2,20$_{-2}^{+4}$,0.258,8.69E-06 +or- 1.02E-06,2.42E-07 +or- 1.15E-08
090122451b^a,52:11.9,64$_{-22}^{+8}$,52:11.9,22$_{-8}^{+10}$,0.3094,3.42E-06 +or- 6.99E-07,7.78E-08 +or- 1.01E-08
090122491a,46:21.3,382$_{-108}^{+62}$,46:21.3,124$_{-18}^{+22}$,0.5565,3.20E-06 +or- 5.91E-07,1.90E-07 +or- 9.76E-09
090122491b^a,49:44.2,202$_{-60}^{+20}$,49:44.2,64$_{-8}^{+12}$,0.4804,2.09E-06 +or- 4.79E-07,7.84E-08 +or- 8.40E-09
090122498a^f,57:34.0,44 +or- 9,57:34.0,20 +or- 9,0.2464,3.13E-06 +or- 5.27E-07,7.77E-08 +or- 6.66E-09
090122498b^a,00:47.3,244 +or- 9,00:47.4,120 +or- 6,0.569,3.99E-06 +or- 5.35E-07,4.80E-07 +or- 1.43E-08
090122498c^a,00:48.7,244 +or- 13,00:48.8,86 +or- 6,0.2554,7.98E-06 +or- 7.69E-07,1.07E-06 +or- 2.03E-08
090122551a,13:14.5,240$_{-46}^{+32}$,13:14.5,126$_{-32}^{+20}$,0.5884,1.50E-06 +or- 3.21E-07,4.33E-08 +or- 5.32E-09
090122624a,57:52.7,26$_{-8}^{+18}$,57:52.7,10$_{-2}^{+2}$,0.6398,1.15E-05 +or- 1.16E-06,1.87E-07 +or- 1.04E-08
090122624b^a,57:57.5,190$_{-32}^{+49}$,57:57.6,72$_{-18}^{+40}$,0.9868,1.84E-06 +or- 5.39E-07,9.21E-08 +or- 1.18E-08
"090122624c^a^,^b^,^f",02:15.4,94$_{-12}^{+14}$,02:15.4,26$_{-2}^{+4}$,,,
"090122650a^a^,^b^,^f",35:53.7,110$_{-2}^{+2}$,35:53.7,60$_{-2}^{+2}$,,,
090122684a,24:45.3,64$_{-10}^{+27}$,24:45.3,30$_{-6}^{+2}$,0.3827,4.81E-06 +or- 5.96E-07,1.16E-07 +or- 6.48E-09
"090122969a^a^,^b^,^f",14:54.1,200$_{-12}^{+20}$,14:54.1,70$_{-2}^{+2}$,,,
090122694a,39:26.5,382$_{-112}^{+55}$,39:26.7,98$_{-6}^{+4}$,0.8263,6.45E-06 +or- 5.50E-07,1.85E-07 +or- 7.60E-09
090122848a,20:55.7,210$_{-38}^{+55}$,20:55.7,66$_{-8}^{+12}$,0.4473,2.14E-06 +or- 4.48E-07,8.80E-08 +or- 7.00E-09
090122848b^a,20:56.2,366$_{-60}^{+86}$,20:56.3,126$_{-18}^{+16}$,0.7576,2.68E-06 +or- 4.69E-07,1.54E-07 +or- 7.52E-09
090122898a,32:53.0,196$_{-68}^{+39}$,32:53.1,48$_{-12}^{+20}$,0.1461,2.54E-06 +or- 5.32E-07,8.70E-08 +or- 8.00E-09
090122980a,31:19.9,450$_{-44}^{+64}$,31:19.9,134$_{-6}^{+8}$,0.0929,1.11E-05 +or- 8.23E-07,9.33E-07 +or- 1.71E-08
090123042a,01:14.5,260$_{-40}^{+66}$,01:14.5,74$_{-20}^{+48}$,0.7531,1.70E-05 +or- 1.24E-06,5.28E-07 +or- 1.68E-08
090123055a^f,19:42.4,78$_{-10}^{+10}$,19:42.5,24$_{-2}^{+2}$,0.9466,9.91E-05 +or- 4.03E-06,3.15E-06 +or- 4.18E-08
"090123113a^a^,^b^,^f",42:10.7,324$_{-26}^{+16}$,42:10.7,78$_{-2}^{+2}$,,,
090123313a,31:26.6,253$_{-43}^{+26}$,31:26.7,98$_{-14}^{+26}$,0.6148,3.35E-06 +or- 7.03E-07,2.11E-07 +or- 1.32E-08
090123348a,21:37.6,98$_{-12}^{+14}$,21:37.6,50$_{-6}^{+2}$,0.7808,9.58E-06 +or- 7.37E-07,3.25E-07 +or- 9.60E-09
090123552a,14:33.8,78$_{-20}^{+35}$,14:33.8,22$_{-4}^{+4}$,0.5745,4.37E-06 +or- 5.73E-07,1.00E-07 +or- 6.40E-09
090123577a,50:58.1,36$_{-14}^{+22}$,50:58.1,8$_{-2}^{+6}$,0.7796,8.86E-06 +or- 1.09E-06,1.18E-07 +or- 8.36E-09
090123617a,48:26.1,182$_{-26}^{+46}$,48:26.1,108$_{-4}^{+2}$,0.8725,9.95E-06 +or- 7.89E-07,3.17E-07 +or- 1.06E-08
090123683a,22:53.6,298$_{-112}^{+236}$,22:53.6,46$_{-8}^{+14}$,0.708,9.64E-06 +or- 1.18E-06,2.82E-07 +or- 1.56E-08
090123705a^f,54:38.1,78$_{-6}^{+10}$,54:38.1,32$_{-2}^{+2}$,0.3407,9.78E-05 +or- 3.55E-06,2.03E-06 +or- 2.88E-08
090124175a,11:23.2,462$_{-28}^{+28}$,11:23.2,234$_{-20}^{+36}$,0.5722,5.05E-06 +or- 6.16E-07,1.18E-07 +or- 6.80E-09
090124175b^a,11:23.7,56$_{-14}^{+26}$,11:23.8,20$_{-6}^{+6}$,0.8401,2.77E-06 +or- 5.08E-07,5.58E-08 +or- 4.80E-09
090125179a,17:16.0,80 +or- 9,17:15.6,36 +or- 9,0.4709,7.76E-06 +or- 1.08E-06,2.04E-07 +or- 1.51E-08
090125277a,38:58.3,48 +or- 11,38:58.3,24 +or- 6,0.9677,9.06E-06 +or- 1.03E-06,2.94E-07 +or- 1.30E-08
090125538a^f,55:21.3,52 +or- 6,55:21.3,20 +or- 6,0.1617,4.42E-05 +or- 2.39E-06,8.98E-07 +or- 2.23E-08
090125900a,36:05.2,368 +or- 116,36:05.3,80 +or- 101,0.457,1.48E-06 +or- 3.31E-07,1.35E-07 +or- 1.06E-08
090125911a,52:13.1,104 +or- 9,52:13.2,20 +or- 6,0.5565,3.13E-05 +or- 1.38E-06,5.66E-07 +or- 1.39E-08
090125959a^b,00:36.1,300 +or- 9,00:36.3,44 +or- 6,,,
090126200a^f,48:05.4,720 +or- 6,48:05.4,92 +or- 9,0.2377,7.21E-05 +or- 4.44E-06,3.05E-06 +or- 6.12E-08
090126610a,37:55.5,104 +or- 18,37:55.5,40 +or- 11,0.5473,3.17E-06 +or- 5.09E-07,7.30E-08 +or- 8.45E-09
090126748a,56:39.2,64 +or- 9,56:39.2,28 +or- 6,0.2769,7.55E-06 +or- 7.65E-07,2.65E-07 +or- 1.09E-08
090126966a,10:20.0,108 +or- 13,10:20.1,60 +or- 6,0.7539,3.17E-06 +or- 4.69E-07,1.16E-07 +or- 7.30E-09
090127611a,39:14.1,48 +or- 51,39:14.1,32 +or- 36,0.6722,2.75E-06 +or- 5.03E-07,5.36E-08 +or- 6.24E-09
090127632a,10:08.9,108 +or- 6,10:08.9,32 +or- 6,0.8272,1.35E-05 +or- 7.74E-07,2.77E-07 +or- 6.84E-09
090128024a,34:45.5,64 +or- 23,34:45.5,48 +or- 23,0.6649,1.74E-06 +or- 3.80E-07,4.24E-08 +or- 5.12E-09
090129353a,27:38.3,70$_{-16}^{+39}$,27:38.3,28$_{-8}^{+4}$,0.3192,2.44E-06 +or- 4.20E-07,5.88E-08 +or- 4.68E-09
090129472a,19:27.5,68$_{-20}^{+48}$,19:27.5,24$_{-2}^{+4}$,0.8318,4.57E-06 +or- 6.21E-07,1.01E-07 +or- 6.40E-09
090129538a,54:14.9,176 +or- 45,54:14.9,84 +or- 36,0.784,4.55E-06 +or- 8.32E-07,1.16E-07 +or- 1.15E-08
090129588a^f,06:37.8,214$_{-42}^{+36}$,06:37.9,76$_{-4}^{+2}$,0.8692,4.02E-05 +or- 1.68E-06,1.29E-06 +or- 2.06E-08
090129936a,27:26.8,74$_{-12}^{+26}$,27:26.8,20$_{-4}^{+4}$,0.2506,2.60E-05 +or- 1.73E-06,4.50E-07 +or- 1.56E-08
090130290a,58:16.5,168 +or- 9,58:16.5,40 +or- 9,0.734,7.72E-06 +or- 7.66E-07,1.94E-07 +or- 1.08E-08
090130812a,29:41.2,288 +or- 9,29:41.2,176 +or- 6,0.9036,1.32E-05 +or- 8.59E-07,5.58E-07 +or- 1.39E-08
090130812b^a,29:42.9,64 +or- 11,29:43.0,24 +or- 18,0.7593,3.70E-06 +or- 4.80E-07,9.01E-08 +or- 6.45E-09
090131080a,54:35.6,72 +or- 40,54:35.6,48 +or- 18,0.9083,1.58E-06 +or- 3.87E-07,5.20E-08 +or- 5.44E-09
090131590a,08:54.8,96 +or- 36,08:54.8,40 +or- 11,0.1532,1.81E-06 +or- 3.59E-07,9.90E-08 +or- 7.36E-09
090201503a,04:28.4,368 +or- 9,04:28.6,88 +or- 6,0.8773,4.39E-06 +or- 6.16E-07,3.43E-07 +or- 1.50E-08
090201684a,25:16.3,112 +or- 23,25:16.3,64 +or- 36,0.9127,2.24E-06 +or- 5.45E-07,1.04E-07 +or- 8.77E-09
090201716a,10:45.1,244 +or- 11,10:45.2,72 +or- 9,0.9713,8.53E-06 +or- 9.48E-07,6.68E-07 +or- 1.84E-08
090201884a,12:56.2,228 +or- 11,12:56.2,76 +or- 9,0.0242,7.96E-06 +or- 1.23E-06,4.21E-07 +or- 2.45E-08
090202321a,41:40.0,244 +or- 44,41:40.0,116 +or- 9,0.5926,9.73E-06 +or- 7.56E-07,4.68E-07 +or- 1.37E-08
090202394a,27:26.8,100 +or- 29,27:26.9,40 +or- 11,0.7444,4.88E-06 +or- 6.68E-07,1.42E-07 +or- 8.85E-09
090202394b^a,30:17.5,60 +or- 16,30:17.5,32 +or- 6,0.1323,1.21E-05 +or- 9.80E-07,3.06E-07 +or- 1.12E-08
090202440a,33:42.0,100 +or- 14,33:42.0,48 +or- 6,0.2807,8.34E-06 +or- 8.54E-07,3.81E-07 +or- 1.48E-08
090202513a,18:58.1,360 +or- 23,18:58.2,124 +or- 6,0.6994,3.11E-06 +or- 5.63E-07,4.18E-07 +or- 1.71E-08
090202862a,40:35.8,396 +or- 13,40:35.8,180 +or- 14,0.6276,3.65E-06 +or- 5.30E-07,3.27E-07 +or- 1.36E-08
090202862b^a,44:10.9,140 +or- 13,44:10.9,36 +or- 6,0.444,9.80E-06 +or- 6.80E-07,4.51E-07 +or- 1.00E-08
090203198a,44:51.1,68 +or- 38,44:51.2,20 +or- 6,0.5534,7.00E-06 +or- 1.16E-06,1.67E-07 +or- 1.50E-08
090203206a,57:15.4,72 +or- 41,57:15.4,24 +or- 25,0.7532,3.30E-06 +or- 9.24E-07,1.16E-07 +or- 1.53E-08
090203389a,19:53.4,44 +or- 9,19:53.4,16 +or- 9,0.0145,2.41E-05 +or- 1.28E-06,4.68E-07 +or- 1.29E-08
090203805a,18:47.3,48 +or- 29,18:47.3,24 +or- 11,0.6998,1.78E-06 +or- 3.65E-07,5.36E-08 +or- 6.72E-09
090203834a^f,00:39.5,124 +or- 6,00:39.5,36 +or- 6,0.1867,1.70E-04 +or- 5.62E-06,6.97E-06 +or- 6.35E-08
090204003a,04:23.7,96 +or- 40,04:23.8,24 +or- 11,0.2751,3.91E-06 +or- 6.57E-07,5.76E-08 +or- 5.72E-09
090204852a^b,27:20.8,72 +or- 6,27:20.8,36 +or- 6,,,
090206897a,32:18.8,44 +or- 9,32:18.8,24 +or- 6,0.4412,8.74E-06 +or- 1.13E-06,1.52E-07 +or- 1.12E-08
090207834a,01:20.0,32 +or- 13,01:20.0,12 +or- 9,0.8989,1.70E-05 +or- 1.55E-06,2.17E-07 +or- 1.30E-08
090208340a,09:51.9,40 +or- 18,09:51.9,24 +or- 11,0.4584,5.50E-06 +or- 6.39E-07,8.12E-08 +or- 6.24E-09
090208463a,06:07.8,72 +or- 13,06:07.8,12 +or- 6,0.3319,1.34E-05 +or- 1.08E-06,1.84E-07 +or- 1.02E-08
090208682a,21:45.8,120 +or- 13,21:45.8,56 +or- 9,0.6437,5.88E-06 +or- 6.29E-07,1.32E-07 +or- 9.22E-09
090209271a,29:56.9,96 +or- 66,29:56.9,64 +or- 23,0.0721,1.55E-06 +or- 3.77E-07,6.61E-08 +or- 7.73E-09
090210310a,26:04.4,76 +or- 6,26:04.4,20 +or- 6,0.3101,1.76E-05 +or- 9.25E-07,2.42E-07 +or- 7.99E-09
090210415a,58:17.4,56 +or- 11,58:17.4,20 +or- 6,0.1511,7.25E-06 +or- 6.32E-07,2.21E-07 +or- 7.78E-09
090210898a,33:42.9,76 +or- 11,33:42.9,20 +or- 6,0.9719,2.17E-05 +or- 1.92E-06,4.04E-07 +or- 1.73E-08
090210941a,34:25.9,92 +or- 11,34:25.9,24 +or- 6,0.1873,1.18E-05 +or- 8.91E-07,4.14E-07 +or- 1.32E-08
090211264a,20:00.9,496 +or- 29,20:00.9,320 +or- 23,0.4932,3.03E-06 +or- 5.69E-07,2.72E-07 +or- 1.65E-08
090211279a^f,41:38.9,36 +or- 6,41:38.9,16 +or- 6,0.8067,6.55E-05 +or- 3.83E-06,1.21E-06 +or- 3.18E-08
090211290a,56:58.9,168 +or- 29,56:58.9,84 +or- 11,0.8268,4.18E-06 +or- 7.75E-07,2.55E-07 +or- 1.59E-08
090212968a,14:03.1,40 +or- 9,14:03.1,12 +or- 9,0.3348,3.87E-06 +or- 4.84E-07,4.03E-08 +or- 4.90E-09
090214814a^b,31:45.3,64 +or- 6,31:45.3,20 +or- 6,,,
090217261a,16:30.5,40 +or- 6,16:30.5,12 +or- 6,0.9705,2.15E-05 +or- 1.55E-06,3.26E-07 +or- 1.40E-08
090218278a,40:11.3,96 +or- 13,40:11.4,28 +or- 6,0.5101,8.45E-06 +or- 7.96E-07,2.60E-07 +or- 1.05E-08
090218491a,46:58.9,52 +or- 6,46:58.9,24 +or- 9,0.404,2.77E-05 +or- 1.85E-06,6.54E-07 +or- 1.93E-08
090221644a^b,27:34.4,116 +or- 6,27:34.4,68 +or- 9,,,
090221803a,16:59.5,80 +or- 14,16:59.5,28 +or- 9,0.6461,8.40E-06 +or- 8.63E-07,2.25E-07 +or- 1.12E-08
090222540a,57:06.2,112 +or- 68,57:06.3,64 +or- 36,0.7467,1.65E-06 +or- 4.46E-07,7.43E-08 +or- 8.64E-09
090222906a^b,44:49.9,36 +or- 9,44:49.9,16 +or- 6,,,
090223128a^b,04:40.8,124 +or- 6,04:40.8,76 +or- 6,,,
090224694a,38:44.1,408 +or- 30,38:44.1,304 +or- 11,0.8687,3.17E-06 +or- 9.83E-07,1.83E-07 +or- 2.34E-08
090224718a,13:42.1,284 +or- 9,13:42.2,128 +or- 13,0.314,9.93E-06 +or- 7.88E-07,5.58E-07 +or- 1.57E-08
090224782a,45:57.9,148 +or- 29,45:57.9,80 +or-,0.9721,4.31E-06 +or- 5.10E-07,2.70E-07 +or- 1.05E-08
090322789a,56:23.7,592 +or- 40,56:23.7,360 +or- 29,0.4158,2.72E-06 +or- 1.60E-06,3.09E-07 +or- 1.60E-08
090322944a^b,39:15.8,288 +or- 6,39:15.8,88 +or- 6,,,
090326625a,00:36.0,244 +or- 30,00:36.0,80 +or- 6,0.8768,2.44E-06 +or- 4.37E-07,1.32E-07 +or- 9.00E-09
090326625b^a,00:38.2,192 +or- 45,00:38.3,96 +or- 36,9501,1.90E-06 +or- 1.26E-06,9.50E-08 +or- 3.30E-08
090328545a,05:12.0,136 +or- 37,05:12.0,48 +or- 9,0.3297,2.73E-06 +or- 5.28E-07,1.26E-07 +or- 6.00E-09
090329754a,05:15.7,140 +or- 54,05:15.7,28 +or- 11,0.7721,5.46E-06 +or- 8.12E-07,1.27E-07 +or- 6.00E-09
090330237a,41:10.0,124 +or- 24,41:10.0,32 +or- 9,0.4217,2.04E-05 +or- 1.00E-06,5.57E-07 +or- 1.00E-08
090401093a,14:28.2,2656 +or- 172,14:28.4,1632 +or- 172,0.6259,9.21E-07 +or- 2.38E-07,2.50E-08 +or- 3.00E-09
090401666a^f,59:36.8,88 +or- 6,59:36.8,32 +or- 6,0.4664,9.66E-05 +or- 3.47E-06,1.87E-06 +or- 2.40E-08
090403592a,13:04.3,320 +or- 23,13:04.5,80 +or- 36,0.4952,4.64E-06 +or- 6.78E-07,2.14E-07 +or- 7.00E-09
090403761a,15:36.3,136 +or- 18,15:36.3,48 +or- 23,0.1677,2.71E-06 +or- 4.39E-07,8.40E-08 +or- 5.00E-09
090409351a,25:24.0,112 +or- 18,25:24.0,72 +or- 18,0.5365,6.40E-06 +or- 6.38E-07,2.33E-07 +or- 7.00E-09
090411917a,01:05.3,180 +or- 20,01:05.3,64 +or- 9,0.9203,1.37E-05 +or- 1.07E-06,4.55E-07 +or- 1.00E-08
090413987a,41:48.9,72 +or- 6,41:48.9,28 +or- 6,0.8659,2.25E-05 +or- 1.12E-06,3.77E-07 +or- 8.00E-09
090417946a,42:11.3,480 +or- 69,42:11.4,336 +or- 23,0.1967,4.78E-06 +or- 6.69E-07,2.27E-07 +or- 1.00E-08
